<?xml version="1.0" encoding="UTF-8"?>
<project-private xmlns="http://www.netbeans.org/ns/project-private/1">
    <editor-bookmarks xmlns="http://www.netbeans.org/ns/editor-bookmarks/2" lastBookmarkId="0"/>
    <open-files xmlns="http://www.netbeans.org/ns/projectui-open-files/2">
        <group>
            <file>file:/C:/Users/mauri/OneDrive/Documentos/GitHub/ProyectoTransversal/GP11.Universidad/src/vistas/VistaAlumnos.java</file>
            <file>file:/C:/Users/mauri/OneDrive/Documentos/GitHub/ProyectoTransversal/GP11.Universidad/src/persistencia/InscripcionData.java</file>
            <file>file:/C:/Users/mauri/OneDrive/Documentos/GitHub/ProyectoTransversal/GP11.Universidad/src/vistas/VistaInscripciones.java</file>
            <file>file:/C:/Users/mauri/OneDrive/Documentos/GitHub/ProyectoTransversal/GP11.Universidad/src/vistas/VentanaDeInicio.java</file>
            <file>file:/C:/Users/mauri/OneDrive/Documentos/GitHub/ProyectoTransversal/GP11.Universidad/src/persistencia/AlumnoData.java</file>
        </group>
    </open-files>
</project-private>
